year,month,hour,mean_distance,std_distance,mean_pct_500m,std_pct_500m,mean_n_bikes,mean_covered_addresses_per_bike_500m,n_days
2023,2,0,1161.0904043344956,22.333277084760187,42.5036960285068,0.6489957156678157,362.10714285714283,372.84868968516855,28
2023,2,1,1161.473709635477,22.482972054348647,42.42656004895546,0.7510582784655478,362.14285714285717,372.1521671304481,28
2023,2,2,1157.4398884567565,9.771402116949936,42.48672769250487,0.6977068484984776,362.0,372.79399520634564,28
2023,2,3,1157.3434184867842,9.844705122418937,42.491093880026646,0.6838523760908725,361.85714285714283,373.05023788861365,28
2023,2,4,1157.5104758101872,9.851912551652275,42.46116236711897,0.682808750178762,361.82142857142856,372.8216560606681,28
2023,2,5,1157.4008517399914,9.831407654266782,42.48389587579178,0.6947715454190578,362.07142857142856,372.77085893453324,28
2023,2,6,1157.9892343439462,9.666396184942425,42.39436082624966,0.7058043536604282,362.07142857142856,371.96070733953826,28
2023,2,7,1157.9955791964871,9.696431163388302,42.401276777027036,0.7029145859183293,361.75,372.3520096922079,28
2023,2,8,1158.179240406794,10.131073225302059,42.37355656322601,0.780632087819951,361.4642857142857,372.3288145437428,28
2023,2,9,1158.8701824047403,10.832943696638178,42.28562357732236,0.9048967964779598,360.4642857142857,372.56059263931735,28
2023,2,10,1162.796393264412,22.110846571425316,42.27726351284269,0.8549847509694034,360.57142857142856,372.41633904177127,28
2023,2,11,1163.5900982285868,22.36841559936452,42.15281024526466,0.9090951089528055,358.60714285714283,373.3521623166677,28
2023,2,12,1164.2377398094097,22.57145439819123,42.063997252573685,0.8907432399499678,358.5,372.6245426344386,28
2023,2,13,1164.2439722576285,22.72238999031366,42.09372568699196,0.9386203733467471,357.64285714285717,373.8337316480245,28
2023,2,14,1169.6139046018977,29.44798900782022,41.882715854382795,1.110730397825064,355.75,374.03460965826935,28
2023,2,15,1168.833257996719,29.44386624249812,41.92879210719656,0.9932379413556658,353.89285714285717,376.5423279623473,28
2023,2,16,1167.9879753603536,29.39603091115333,42.04282067898616,0.9549603618226983,354.75,376.65459092342957,28
2023,2,17,1167.9761996760215,29.807729234955637,42.06948037178707,0.9505103410958855,354.17857142857144,377.6043963157346,28
2023,2,18,1168.4010492485465,28.910892062749348,42.0475704592101,0.8891174048001667,354.17857142857144,377.37124433843167,28
2023,2,19,1167.4296154021201,29.084341282149047,42.19351620024803,0.8354560088873594,356.42857142857144,376.08607830710173,28
2023,2,20,1162.718912871002,22.647358331357474,42.27193834356548,0.8862381909275838,358.07142857142856,374.964414324703,28
2023,2,21,1162.308320232879,22.5975133964233,42.318398189081414,0.8837673156604787,358.07142857142856,375.36416069268756,28
2023,2,22,1162.0928613764988,22.503957511432123,42.366403687544334,0.8179531941680085,358.64285714285717,375.15293996769896,28
2023,2,23,1161.6760515297408,22.221462328695395,42.42762056995558,0.7138049588743999,358.82142857142856,375.48024244807465,28
2023,3,0,1170.1305341047453,43.906566000110494,41.97940414354653,1.1684202217502884,350.1290322580645,380.0118243650917,31
2023,3,1,1169.4581009147407,44.303955899244386,42.00007010939103,1.1920390468026367,350.19354838709677,380.10925612611754,31
2023,3,2,1170.3254127894495,44.754657971919976,42.00955491813981,1.215239286254815,350.7,379.7100398439687,30
2023,3,3,1169.2649991069468,44.36931967364636,42.04712900005666,1.1902194897311826,350.48387096774195,380.23172903378327,31
2023,3,4,1169.0666278061613,44.32962290545646,42.04050529305522,1.1824897767155702,350.5806451612903,380.085480828245,31
2023,3,5,1169.1423755521266,44.35044945657732,42.033514734589076,1.1774550190833488,350.83870967741933,379.7324074044112,31
2023,3,6,1169.4157471133378,45.05889896660286,42.010413282631745,1.3371055375383076,350.7741935483871,379.5660690024003,31
2023,3,7,1169.4631865471927,45.07355564072807,42.006510390660125,1.3407154457606936,350.4193548387097,379.93192173674703,31
2023,3,8,1172.290919324815,45.45819226792557,41.87278284146025,1.365138363698903,350.2903225806452,378.8453868106184,31
2023,3,9,1170.6958346047127,44.98125371907716,41.84156989600576,1.3597306282663502,349.51612903225805,379.37545202021215,31
2023,3,10,1171.972127242201,44.45717677195785,41.83617921753844,1.3579339879762364,348.1290322580645,380.7725859985319,31
2023,3,11,1171.849319447591,44.45923098040187,41.85805783128012,1.3328162345152113,347.741935483871,381.413331200419,31
2023,3,12,1172.6472300659718,43.90887563014795,41.79742543642077,1.322825548557718,345.80645161290323,383.0018291280255,31
2023,3,13,1172.8245501947142,43.93569319889085,41.78972155566217,1.3313351841252588,344.9032258064516,383.9693802422726,31
2023,3,14,1171.3418424218553,43.813245785163005,41.775027116437435,1.3084202189722403,344.03225806451616,384.886100049901,31
2023,3,15,1175.0513542613091,47.30094427268054,41.71463928922121,1.3248681727923783,342.51612903225805,386.08476464623385,31
2023,3,16,1184.7966784026844,72.50732170985759,41.71366101864869,1.382071918883834,343.5806451612903,384.9797407862451,31
2023,3,17,1184.0720019886044,72.40710475578666,41.81203835309779,1.443051623537979,344.4516129032258,384.9076537742816,31
2023,3,18,1181.159617750043,71.90814472634162,41.850975559947805,1.231085261079301,346.4516129032258,382.9373344102538,31
2023,3,19,1181.4316626482735,71.75326517866095,41.81790797653292,1.2567950586097845,347.3225806451613,381.6087517727797,31
2023,3,20,1177.286154143812,59.89606185354824,41.84232397957208,1.235961480120564,347.83870967741933,381.2662770753929,31
2023,3,21,1170.344698195532,40.34011475773543,41.92495727199468,1.1645984691433062,348.5483870967742,381.2182459092232,31
2023,3,22,1168.6083298749031,40.861165801509294,41.94582704420846,1.1486150650793343,349.38709677419354,380.5183127048688,31
2023,3,23,1170.191870389532,43.90591676419258,41.9956067499039,1.1765997550956013,349.8709677419355,380.47218372593954,31
2023,4,0,1191.1018197315216,38.49541911128859,42.28794694566943,1.2398052602504759,359.26666666666665,373.42605725336165,30
2023,4,1,1191.0591298629188,38.33786065790754,42.29377003331691,1.2254222801977486,358.93333333333334,373.8155202287578,30
2023,4,2,1188.2137357711117,39.31452501635907,42.45722715728023,1.232215552724895,358.3,375.8043928322003,30
2023,4,3,1188.2766378827175,39.27504835928747,42.45838545681227,1.2330705434693832,358.06666666666666,376.0763565885253,30
2023,4,4,1188.4856741326994,39.379274901085815,42.40810472712569,1.3039641500575565,358.43333333333334,375.21756346436837,30
2023,4,5,1188.574904484763,39.21739355114044,42.38936133469802,1.3046212062476088,358.6333333333333,374.79871951846366,30
2023,4,6,1188.5679165722634,39.23535417503237,42.39227814351963,1.3023228796089057,358.8666666666667,374.5850963699313,30
2023,4,7,1188.4735724285833,39.233811356841514,42.430428318106955,1.2869777242750746,358.3333333333333,375.4929155749158,30
2023,4,8,1188.4166283884051,39.45421680638068,42.42973333838773,1.2888919990969048,358.46666666666664,375.3790211894172,30
2023,4,9,1188.5979942233466,39.307079257597906,42.43474561636277,1.2612271800463888,356.9,377.0393962755153,30
2023,4,10,1188.2997941502892,38.79062185878928,42.4340190466563,1.2596445127144447,355.1666666666667,378.984093372584,30
2023,4,11,1187.2329705574373,40.62754773531079,42.32588652034185,1.4219862147882212,351.6333333333333,382.03139228440375,30
2023,4,12,1190.9932049434105,39.767795760601274,42.12818585021292,1.547426935586378,347.26666666666665,385.2669069743254,30
2023,4,13,1192.3320060170374,39.9818692619161,42.04401959421609,1.515549725644455,342.4,391.0432755918626,30
2023,4,14,1193.5022147039492,40.28930792386492,41.90816158910272,1.6293446134636538,340.3333333333333,392.1952044413674,30
2023,4,15,1193.3353457713426,39.31205036329449,41.956283669661396,1.6870240893428372,336.53333333333336,397.62454625764514,30
2023,4,16,1193.820886150487,39.47027803831598,41.830102730638494,1.9312303079019022,339.1,393.5950133937223,30
2023,4,17,1195.8763668405006,41.293758968917075,41.764416617175684,2.1149787991377216,340.76666666666665,390.6598515562158,30
2023,4,18,1199.479159245067,40.722648797951486,41.67579617297835,2.016681988246986,343.6,386.4488822364677,30
2023,4,19,1198.4861398269954,40.20656920428663,41.863324867216754,1.8204306031494937,345.6666666666667,385.5941999108087,30
2023,4,20,1197.3828861598408,39.32860375227689,41.85857583913536,1.8442197550143464,347.96666666666664,382.41949873486254,30
2023,4,21,1195.867385615141,37.80330928576183,42.0143250062127,1.5499903445259202,351.3333333333333,379.8718547063283,30
2023,4,22,1192.85059911057,39.318520528707566,42.11554985531786,1.5518438439324322,354.6333333333333,376.946548492045,30
2023,4,23,1192.4629595034496,38.9884572408925,42.176023620886454,1.411680523152744,356.43333333333334,375.63827997709797,30
2023,5,0,1174.9899951911802,35.85262340435249,42.47137704156368,1.6205421341727542,352.0769230769231,383.9499081366448,26
2023,5,1,1174.4999595558943,36.03191846932019,42.537861814703824,1.6353211969265664,352.5,384.03374381983303,26
2023,5,2,1173.3736926850925,35.85637270753448,42.62695772870908,1.5202693065784396,352.2692307692308,385.2181897226837,26
2023,5,3,1173.0576172684325,35.8434566382242,42.66773311223582,1.4740750023234286,352.65384615384613,385.1923330150775,26
2023,5,4,1173.3231563903298,35.86175517433272,42.6149170835735,1.4772892810192544,353.0769230769231,384.16492171871056,26
2023,5,5,1173.2071771084593,35.84174701093454,42.61893873194875,1.4754067228749033,353.38461538461536,383.8176143781048,26
2023,5,6,1172.1425531088842,35.39032669878726,42.64788002025647,1.4612544530650384,353.34615384615387,384.1269994288084,26
2023,5,7,1173.2379626407876,34.798354096983246,42.607469136582466,1.4913283727802753,351.46153846153845,385.7073138241592,26
2023,5,8,1176.0869833869315,39.70299467291058,42.55618400730167,1.6864970357995333,350.03846153846155,386.7362533729853,26
2023,5,9,1180.7235872433719,41.13899560158353,42.41325146504641,1.6732012503328666,348.61538461538464,387.0919433501852,26
2023,5,10,1180.9935836564332,41.279681850467625,42.39654522179573,1.6594287613663856,347.2692307692308,388.7294189516983,26
2023,5,11,1180.8819421225714,41.9634645989968,42.22777644397832,1.941804820072093,340.68,395.2909118916143,25
2023,5,12,1184.181977636139,44.37764906679952,42.00418251431026,2.334504731021241,333.32,403.4636726091375,25
2023,5,13,1180.3248431051354,45.863778972507994,41.84130454011297,2.5013164719332335,330.04,407.05644759015706,25
2023,5,14,1183.7695386802752,47.24574273498293,41.550030763787575,2.8330062510386056,326.7307692307692,407.443043992726,26
2023,5,15,1183.647426549337,47.209582816214244,41.648287774091735,2.675074667632004,326.38461538461536,410.13832970457185,26
2023,5,16,1186.8193198890576,44.128823610129466,41.602494442592246,2.5994565002694925,326.0,411.1451229333906,26
2023,5,17,1191.5062246996195,48.227171394063085,41.71531929701101,2.2558819989671814,327.2307692307692,411.2636957817892,26
2023,5,18,1189.9719985260076,47.43125436610305,41.95098060180384,2.171736622192191,331.61538461538464,406.917291812864,26
2023,5,19,1191.4823494486186,52.45155414137946,42.04412246417452,1.9016573882444816,335.7307692307692,401.46096791826955,26
2023,5,20,1181.168332154348,48.53059480820557,42.30708480793774,1.7308452102263132,339.7307692307692,398.533662827526,26
2023,5,21,1180.514881978466,48.12361322703381,42.31556550451153,1.6696494412036855,343.2692307692308,393.89168058295945,26
2023,5,22,1179.1172902188596,47.76334795512859,42.48613928559973,1.5460053728224656,345.7692307692308,392.23243374370463,26
2023,5,23,1178.0537506350017,47.23405486855362,42.54063201358466,1.441293045298861,349.11538461538464,388.5524405399255,26
2023,6,0,1153.2208983355956,28.85172803708253,42.91864104086902,1.0922465244632011,272.1333333333333,508.4706383582235,30
2023,6,1,1152.5742750568263,27.836567309257834,42.956011995771156,1.0537320679990747,273.43333333333334,507.2014969716947,30
2023,6,2,1149.5490025148144,24.220356294570582,43.028068756660225,1.05577536479024,274.03333333333336,506.5759717571843,30
2023,6,3,1151.280334194875,25.485752812842676,42.98749668305133,1.037174342962902,274.5,504.9696126259278,30
2023,6,4,1150.885521061881,25.26066921601968,43.013105632705326,1.0144250034627258,274.96666666666664,504.51826118034415,30
2023,6,5,1150.6237909184836,25.18114738086081,43.055910065412334,0.981306138654656,275.3,504.22841960367384,30
2023,6,6,1150.7057444934294,25.0361827835264,43.03309156463101,0.9948746367105301,275.4,503.86563339505017,30
2023,6,7,1150.912216978723,25.022061376066496,43.029132286230556,0.9954470237170768,274.3,505.60908128686873,30
2023,6,8,1151.6894193436938,24.819981224479175,42.9537059267028,0.9685884828915816,271.8,509.4329770614209,30
2023,6,9,1151.503131343877,23.06108701839993,42.97460796825838,0.9708588286434272,269.6666666666667,513.4314548087582,30
2023,6,10,1151.766870066493,23.82707305029989,42.95581192585198,1.071765629373991,268.6666666666667,515.0638883466574,30
2023,6,11,1152.1877285523865,24.43367645544851,42.9635725327167,1.1002196004177425,264.8333333333333,521.9175781616235,30
2023,6,12,1153.3876357384215,25.925490472854413,42.88766179338463,1.2632092486052338,259.3666666666667,532.4601825745351,30
2023,6,13,1158.8465801672698,35.71697063693987,42.73170202639238,1.63371656875602,254.86666666666667,541.5927712960898,30
2023,6,14,1160.750158282099,36.180083731728025,42.49588277166336,1.7864379652996252,250.83333333333334,547.3554260359692,30
2023,6,15,1165.5636333841417,40.41201430077553,42.10849475816812,2.335595373688467,247.3,551.4286510341534,30
2023,6,16,1169.9511647728398,47.67866738590376,41.78841447748055,2.983980734700936,247.6,545.931346910717,30
2023,6,17,1171.3579876627414,45.66110522594662,41.84918308293003,2.2188274988146643,249.26666666666668,544.5671249907044,30
2023,6,18,1162.5117457575118,29.935262037118907,42.23564445679964,1.5568919505371175,250.3,547.1696306747888,30
2023,6,19,1154.6966539201956,22.862797151039587,42.371639351857695,1.5987539657680305,251.6,546.1860039847795,30
2023,6,20,1157.403564462288,28.717591780166682,42.42806959905988,1.4631248040216824,254.83333333333334,538.7984063585945,30
2023,6,21,1155.6560772866937,29.050900681871305,42.62424341980566,1.3248637967784787,258.4,533.8843386652956,30
2023,6,22,1154.9729463394804,28.02120036048812,42.698332469873684,1.2780493166872808,261.53333333333336,527.3277291851762,30
2023,6,23,1154.5280339134856,27.05485044323862,42.80860258532456,1.147342852118703,268.4,514.5712148768181,30
2023,7,0,1214.5789007853832,75.71945905819938,40.49131193828416,1.8906730772299098,244.67741935483872,533.5006323559974,31
2023,7,1,1202.5450711607177,57.52062849713241,40.642220364413944,1.7704216151192127,245.2258064516129,534.051901830892,31
2023,7,2,1197.1711609425533,52.40127066968205,40.74196320153719,1.6742895624066878,244.8709677419355,536.4176089016235,31
2023,7,3,1195.7203193742257,50.705730280555436,40.766195778844,1.6099073862223268,245.67741935483872,534.5332259618546,31
2023,7,4,1195.4805718305608,50.681175083815205,40.79221166188197,1.6422320046041143,245.80645161290323,534.5927708060699,31
2023,7,5,1198.665968148225,55.54155822188507,40.76850898113528,1.6807985749033143,246.19354838709677,533.3893609016054,31
2023,7,6,1198.4534978687134,55.431958584597346,40.78460968430801,1.6596296291990522,246.4516129032258,532.885320754797,31
2023,7,7,1198.663483718373,55.42938366241856,40.76761223311046,1.6766697340671024,244.7741935483871,536.4822468527591,31
2023,7,8,1203.7420536298223,66.52485042640859,40.66762482834408,1.6811162402922164,244.06451612903226,536.773184157777,31
2023,7,9,1207.7490081576557,66.91342003944843,40.49941324146286,1.6927352439176357,242.6451612903226,538.068625790458,31
2023,7,10,1212.5965525197857,69.73378830272127,40.29731884568964,1.8280421977619177,242.38709677419354,535.4519184539824,31
2023,7,11,1212.8232468028355,70.84931788954823,40.19757600856639,1.972936506496841,239.8709677419355,540.1233910265439,31
2023,7,12,1214.788070795679,73.46495684658431,40.105893713347974,1.87406064098615,234.29032258064515,552.711869246201,31
2023,7,13,1218.399587761061,72.64973223100392,39.819943186936506,1.9667057619406374,229.67741935483872,561.3666858064877,31
2023,7,14,1226.949610056135,84.21558632189092,39.53350352523877,2.5686412242955923,225.7741935483871,567.9984781761491,31
2023,7,15,1230.4221191250783,85.9563110309261,39.28400376797215,2.7350826909788206,223.03225806451613,574.0179422424684,31
2023,7,16,1236.1989596899525,97.62072476211,39.03115139593096,3.0119431276755915,222.25806451612902,571.4124572202393,31
2023,7,17,1243.2254783606174,102.78337890493803,38.82090474538674,3.357651075074254,221.41935483870967,572.8507671819456,31
2023,7,18,1225.406305766386,82.06992378656325,39.13968847788844,3.0191648675690517,223.5483870967742,571.2571222519684,31
2023,7,19,1222.8636024436983,75.4407215694429,39.342924189329594,2.327905296498561,225.29032258064515,570.4184717750477,31
2023,7,20,1221.4913166713136,76.35647670347821,39.5743768925969,2.216544496522025,229.83870967741936,560.8321791751353,31
2023,7,21,1224.7553470606058,78.15400352275313,39.783207088874654,1.9727898042890935,234.74193548387098,548.7958975246213,31
2023,7,22,1223.17641968996,77.17806701879496,40.02604237786598,1.8077702614873827,238.16129032258064,543.5395023220284,31
2023,7,23,1217.2589569344823,74.87579570542657,40.29205045104388,1.8653587064167847,242.8709677419355,535.2670833490339,31
2023,8,0,804.9742113158528,205.66301198871372,48.56456117023986,5.435990329570298,235.4516129032258,678.9281959524646,31
2023,8,1,802.9496547458981,203.9145277070055,48.70359787535936,5.19065541369751,235.5483870967742,681.3381890949677,31
2023,8,2,800.3171570821348,204.27131586573083,48.91906196895703,5.214723060945657,236.4516129032258,681.1621201926349,31
2023,8,3,799.1100659977556,204.49236314506044,49.02416491359221,5.223146773866722,236.6451612903226,681.246042920761,31
2023,8,4,798.6331362327718,204.85758612097626,49.04225272886538,5.246241350921904,237.06451612903226,679.9131292732014,31
2023,8,5,798.4858936382826,205.00185138185773,49.09317375022877,5.307251163794082,237.2258064516129,680.0209575276538,31
2023,8,6,798.0461773130746,205.25457582394097,49.16703317845408,5.348987355383261,237.51612903225808,680.0797685278299,31
2023,8,7,798.0729706897687,205.33780720105298,49.17882337691665,5.366809373306475,237.61290322580646,679.6085643231594,31
2023,8,8,800.015254301579,204.68368856451835,49.02484766492928,5.3391594495689905,236.29032258064515,681.8284648462724,31
2023,8,9,802.6352779205674,204.1648980556651,48.76140755200426,5.337108416920392,234.16129032258064,685.9400328652754,31
2023,8,10,804.0616058070457,206.11428152399296,48.5758826140531,5.649844293802823,234.7741935483871,681.7508668249525,31
2023,8,11,804.2293572643961,196.03753638553144,48.5681787332945,5.383815020420803,231.03225806451613,694.2822546691507,31
2023,8,12,814.3989583174198,196.48096714535163,47.69018089445724,5.397549326072501,224.1290322580645,706.6665313073605,31
2023,8,13,819.4740081847368,193.20037232118955,47.20409251341759,5.327786024776625,218.61290322580646,720.3957072220221,31
2023,8,14,822.0331203190718,194.36766764038924,47.020452784382236,5.29913328612246,214.83870967741936,734.5284301819405,31
2023,8,15,823.6224290912721,193.96042940509295,46.82713225280631,5.090356891676927,211.96774193548387,742.7259311318338,31
2023,8,16,827.5741548376869,194.65044276906505,46.625425089134716,5.21404730512827,211.0,746.4766789673255,31
2023,8,17,825.1340005936146,192.29588027650482,46.79315773104815,5.192157196748314,210.61290322580646,748.7604923834102,31
2023,8,18,821.8910228347982,192.7726852985933,46.93181739438448,4.966915334549184,211.06451612903226,748.359836675341,31
2023,8,19,817.5806414267261,201.75901282573992,47.17044408185027,4.948396663286933,214.7741935483871,739.2085980618684,31
2023,8,20,807.9149256082248,199.8493565261497,47.567846121299844,5.166112641437581,218.3548387096774,730.2083470684431,31
2023,8,21,803.1950982209256,201.45704394181226,48.018502765041006,5.264578763380083,222.70967741935485,717.151507754669,31
2023,8,22,794.455922339186,199.56679262961885,48.50970668594946,5.36966579381205,229.32258064516128,698.3463525142362,31
2023,8,23,790.1529285352888,199.6417996624465,48.86682639651182,5.345697337545368,234.32258064516128,686.1084617419757,31
2023,9,0,638.0556724271795,27.129394272260416,52.65864491590745,2.183099070107316,254.76666666666668,661.0990695532117,30
2023,9,1,636.8781484077333,24.910790742117726,52.702544468172036,2.2057869996418056,254.83333333333334,661.4927090434845,30
2023,9,2,636.1852169432952,25.45900092955441,52.8202487606195,2.2381012954507518,255.46666666666667,660.5762368824279,30
2023,9,3,635.0560963510515,24.57558099864745,52.956791215456356,2.132753171081302,255.36666666666667,662.2920035266314,30
2023,9,4,633.7694349826489,22.94146914346643,53.03781953272091,2.0119522950689226,255.76666666666668,661.9366637184626,30
2023,9,5,632.9230771354299,23.741060370855756,53.04687532906237,2.1574137400539266,255.96666666666667,661.5714512064737,30
2023,9,6,633.417058364846,24.086351922723477,52.975576727867,2.245361044303697,255.83333333333334,661.0465041353451,30
2023,9,7,632.7827272191175,23.60184634296235,53.06729299081363,2.1365206529686676,256.6666666666667,660.178341396006,30
2023,9,8,632.5187561640562,24.313920359385847,53.13888643188988,2.1642807553736487,255.7,663.2683283226105,30
2023,9,9,635.3379607016863,25.5424182038869,52.913449752966294,2.1691369479735156,255.46666666666667,660.6114253413369,30
2023,9,10,636.2409925194668,26.161301203765753,52.79502942080811,2.252013561592735,254.66666666666666,661.0300865468975,30
2023,9,11,638.2506327322104,26.057041026614222,52.481551447453214,2.2707738129992285,252.56666666666666,663.2142253217133,30
2023,9,12,642.8718666172658,26.75878693982658,52.21552163492926,2.012172082468886,247.03333333333333,676.649987996762,30
2023,9,13,644.3207351862436,26.423900769758124,51.99815093274703,2.07711500606052,241.33333333333334,693.294211611728,30
2023,9,14,646.7529152467632,28.3391010506351,51.67104714489695,2.698802775633334,239.4,694.480009350018,30
2023,9,15,649.3108409883521,30.15060038565954,51.24925763529992,2.895860133453206,236.8,699.6677769223589,30
2023,9,16,652.8928623382815,39.97733847575954,50.91709944949182,3.9381307584007312,235.6,701.184051601455,30
2023,9,17,651.270234099659,34.43096279005165,51.01294347077084,3.560034682843808,235.3,702.5584297321662,30
2023,9,18,653.257673550193,38.474540355678585,50.89180639971021,3.8033866763654562,233.8,704.0254350385834,30
2023,9,19,651.6173073342247,37.02433060517126,51.20907517153363,3.731109180358558,236.16666666666666,697.943002705081,30
2023,9,20,647.1144917270492,32.109566239344524,51.7661645964695,3.0071785097061485,240.5,693.3222422206288,30
2023,9,21,646.76495137304,31.379683563710216,51.92454626248331,2.623603561386702,244.7,680.6281211693017,30
2023,9,22,644.244770493671,31.099672683738415,52.16819983404727,2.5775965966846557,248.16666666666666,672.2604671059163,30
2023,9,23,643.0227567798419,28.525744246390218,52.198252441906014,2.2938776460803147,251.83333333333334,662.5280154675887,30
2023,10,0,637.3743274674756,24.934643111472976,54.34134061384033,2.4536580040371407,279.96774193548384,617.4920659215064,31
2023,10,1,638.3660175629738,27.15700224170299,54.30031439170525,2.4707724601983996,279.16129032258067,618.8484878560652,31
2023,10,2,637.8379723130146,28.403060918454013,54.430057526385795,2.4750563372542698,278.7096774193548,621.2989258839729,31
2023,10,3,637.3466662689572,28.568683474094243,54.49965740149325,2.4315196942477724,279.0,621.4023730049877,31
2023,10,4,637.0236459521559,27.969596924203366,54.552769341326346,2.2377091409753365,279.4516129032258,620.9252167123764,31
2023,10,5,635.5082530523025,25.757457092669835,54.61325907172721,2.197774508925869,279.38709677419354,621.7875613997595,31
2023,10,6,635.4781801175197,25.566806757666207,54.62865664292595,2.184493436103152,279.64516129032256,621.3243023828664,31
2023,10,7,635.472837079377,25.4549254003139,54.64591904240355,2.1957200156990324,279.8709677419355,621.0984430406087,31
2023,10,8,635.1736514868882,20.890727308070982,54.5839924770993,1.883530672570707,278.6774193548387,623.2056785983684,31
2023,10,9,634.3957160485636,20.23563084393953,54.59648003302207,1.979826835809367,277.6666666666667,625.8213503384573,30
2023,10,10,634.634444710378,21.463365278523366,54.58848776625094,1.9916649371874708,277.2,626.6897832018757,30
2023,10,11,637.3122875897332,25.02973463095825,54.36531503641273,2.29177921428351,276.06666666666666,627.3911816602484,30
2023,10,12,638.5093914347892,23.94319609577811,54.18343143892596,2.3225969763367424,272.9032258064516,633.5021100829202,31
2023,10,13,639.894102916048,25.877348126136194,54.039513571262326,2.56604115484434,270.5483870967742,638.0176879066888,31
2023,10,14,641.7884944337842,26.080392835130862,53.965878330043225,2.3649685906523485,269.4193548387097,641.9039363848119,31
2023,10,15,642.4611835503594,26.10105355616049,53.92667617491315,2.5970268272436137,269.06451612903226,641.865026529912,31
2023,10,16,642.6008946091257,26.71340796043702,53.90181179786158,2.424132366870448,269.9032258064516,639.0225748597092,31
2023,10,17,640.8935125305765,26.32638729553478,54.14395414519736,2.451712033556531,269.8709677419355,643.2150100899783,31
2023,10,18,642.9854937917859,30.0307317921772,53.9990885779166,2.484605671210928,269.7096774193548,641.5680386847877,31
2023,10,19,642.0438892706339,28.51893189415266,54.05566522602738,2.3357412986435055,272.6774193548387,634.3326860082866,31
2023,10,20,640.6067397807595,24.86563076343461,54.066589247420524,2.356371235884614,274.2258064516129,629.232322159015,31
2023,10,21,638.623206257943,24.886678447511226,54.275439824335216,2.2749304456835384,277.4193548387097,623.3273249974436,31
2023,10,22,638.0050771629561,25.753898483248665,54.35714579777761,2.366810375136736,278.7741935483871,620.6502701642002,31
2023,10,23,635.8589551951908,23.908729188362294,54.5605139833588,2.1913825884978317,280.6774193548387,618.5565014106704,31
2023,11,0,600.4561172913689,22.78425771917357,56.47386244455957,1.4953731987454575,290.9,615.2441932596524,30
2023,11,1,600.5921135696851,22.87367673413031,56.46769186705249,1.5218923015567138,290.8,615.3641627490198,30
2023,11,2,599.1882950581087,21.29079695145667,56.5772143528054,1.2542763610839882,290.26666666666665,617.7864521876816,30
2023,11,3,598.9409280405634,21.3012743329441,56.63336029012245,1.3062890846598314,290.4,618.104249534448,30
2023,11,4,598.2816351443669,21.192000952781953,56.68497832926876,1.2754495753578097,290.6666666666667,618.0896164248718,30
2023,11,5,599.0785220602502,20.39617705545546,56.62814794222823,1.2346212073963758,290.53333333333336,617.7296566887545,30
2023,11,6,599.3155632486652,20.90127174707893,56.62945366170072,1.264291586187705,290.7,617.4395391938851,30
2023,11,7,599.372213869799,20.887020585130184,56.592840866492296,1.280999913396321,291.03333333333336,616.3253424374133,30
2023,11,8,599.8588990726631,20.691099392949656,56.502282903077706,1.27804613618543,289.7,618.1613488117923,30
2023,11,9,602.0217384694176,17.966750180633912,56.26076692065017,1.1728910732762177,288.73333333333335,617.5932126231595,30
2023,11,10,601.857856307847,18.039033027328507,56.28894518926614,1.1735109170384916,288.23333333333335,619.1131278020762,30
2023,11,11,602.6721956182654,19.002760689862583,56.14450523761988,1.2361051178819842,287.3,619.4597102162365,30
2023,11,12,604.8475826486392,19.191704802937792,55.89830340708543,1.3410257413036197,285.73333333333335,620.1400969375453,30
2023,11,13,606.0696875129266,19.109048624353253,55.84298933943231,1.3198715212113474,284.8,621.6526318365834,30
2023,11,14,607.590039812276,18.248646205397453,55.74932502727269,1.255589057238565,284.06666666666666,622.5250035930424,30
2023,11,15,609.1474693723485,18.388060160444002,55.68240690430761,1.212059869220395,284.1,621.6762189300732,30
2023,11,16,607.5092611564521,19.189876286196796,55.854414384816586,1.2383674721589446,285.1,621.366468180468,30
2023,11,17,605.2126283646489,18.547288912853638,55.93716962138347,1.2046456865258153,286.3333333333333,619.4471749404003,30
2023,11,18,605.5088773513927,20.36282921103688,55.93635881171104,1.3376550365693638,287.6,616.5556861215787,30
2023,11,19,605.5585475794917,21.81327219900083,55.92594464591836,1.4572255774905762,287.5,616.6462583541604,30
2023,11,20,604.8334785365971,22.243735767267385,55.96998108812764,1.4029533862678611,287.8666666666667,616.2830363094146,30
2023,11,21,603.9228707726106,21.400089689802325,56.042185268957155,1.3674889116676643,288.56666666666666,615.5777665246771,30
2023,11,22,601.8351704229186,21.803712301928257,56.26653735831891,1.3555596959847596,288.96666666666664,617.1324724441785,30
2023,11,23,602.717096583327,22.59402949614258,56.15322407409747,1.4576023688807582,289.3666666666667,614.9475888821688,30
2023,12,0,570.3198544245431,18.750203146377178,59.12237308875482,1.9340707110043158,293.3225806451613,638.5781080525746,31
2023,12,1,571.3060060107051,19.061287873794672,59.09752909234018,2.009514128871607,292.5483870967742,640.06505858119,31
2023,12,2,571.696050640017,19.584782360792705,59.0450591425703,2.131542891862851,292.8709677419355,638.7137405642914,31
2023,12,3,571.698409478641,19.257593907661157,59.055555170587965,2.147709060179594,292.80645161290323,638.9606756135203,31
2023,12,4,571.6811877742999,18.89342790381243,59.08243723069536,2.1245183814580018,293.03225806451616,638.7432572869518,31
2023,12,5,572.3244608355554,19.252156720296103,58.94815940429844,2.1354123233265,293.1290322580645,637.0494273366029,31
2023,12,6,572.2832503467249,19.280628503413986,58.94596848582873,2.15055690629146,293.4516129032258,636.3108994358478,31
2023,12,7,572.2098809506839,20.047880868701526,58.96813242848741,2.2589869733308015,293.80645161290323,635.7703156084843,31
2023,12,8,572.6753035704676,20.27632400700239,58.91400145680793,2.2830246882730427,292.80645161290323,637.3432425309998,31
2023,12,9,574.363848366135,20.594080944459883,58.781639410282196,2.2814090523419863,292.258064516129,637.0971821483329,31
2023,12,10,574.2209469333477,20.569139367322894,58.79325637333088,2.2851042336810887,292.16129032258067,637.4239436015168,31
2023,12,11,574.9018017988393,20.595835663489336,58.84048849941039,2.2236594952509816,292.0967741935484,638.1185406865989,31
2023,12,12,574.5002896151343,19.78691322099182,58.88927974421486,2.181844340876106,290.8709677419355,641.3643060934438,31
2023,12,13,574.4585261177655,20.394468064304494,58.840620973550415,2.1595549451678964,290.48387096774195,641.752167515769,31
2023,12,14,574.5970277911607,20.66738758747378,58.82623224387959,2.178949549236977,289.48387096774195,643.9472371787344,31
2023,12,15,574.4182284259849,21.098803734216737,58.83129683215608,2.1805710443115047,289.0967741935484,644.859803199034,31
2023,12,16,576.4554249732612,23.064197788195816,58.748113262536435,2.315818085001312,288.64516129032256,644.8979469201447,31
2023,12,17,575.7787550597765,22.045687004995468,58.816816389619085,2.2601622568787114,289.7741935483871,643.2242346716504,31
2023,12,18,573.7907560364239,21.232860168105113,58.92713677730771,2.272997093238481,290.64516129032256,642.4249572947624,31
2023,12,19,573.3672011508517,20.701783650209208,58.8379001585206,2.2131825455217013,290.83870967741933,641.0106031684412,31
2023,12,20,574.8397680654966,23.376434288704075,58.771336998315334,2.452149225831132,290.80645161290323,640.2539663047775,31
2023,12,21,573.1789324896577,20.573285613118173,58.90796878827739,2.1931149845915696,291.4193548387097,640.4715125980997,31
2023,12,22,571.1695477478931,20.24660682716009,59.08706363527791,2.172067664135824,291.4193548387097,642.5656688102353,31
2023,12,23,571.1274466936451,20.096240085295513,59.10610934048667,2.1561125214413703,291.4193548387097,642.7588097433323,31
